id,instrument,chapter,article,paragraph,title,addressee,nature,lab_status,how_addressed,implemented_by,evidence,gaps,tasks,notes
DORA-1,Regulation (EU) 2022/2554,I General provisions,1,,Subject matter,financial entity,legal,Context,Defines what DORA regulates. Framing in docs/00-scope.md.,docs/00-scope.md,,,,
DORA-2,Regulation (EU) 2022/2554,I General provisions,2,,Scope,financial entity,legal,Context,Payment institutions are in scope (Art. 2(1)); the notional tenant 'Meridian Pay' is modelled as one.,docs/00-scope.md,,,,
DORA-3,Regulation (EU) 2022/2554,I General provisions,3,,Definitions,financial entity,legal,Context,Terms used consistently in docs; glossary planned in the docs site (PR #3).,docs/00-scope.md,,,,
DORA-4,Regulation (EU) 2022/2554,I General provisions,4,,Proportionality principle,financial entity,legal,Partial,Proportionality reasoning for a small payment institution written down; not quantified.,docs/00-scope.md,,,T32,
DORA-5,Regulation (EU) 2022/2554,II ICT risk management,5,,Governance and organisation,financial entity,organisational,Not met,Management-body accountability is people and process. A three-operator RACI is assumed for documentation only.,BUILD-SPEC.md,,G5,T32;F03,
DORA-5-5(2),Regulation (EU) 2022/2554,II ICT risk management,5,5(2),"Management body responsibilities (strategy, roles, budget, policies)",financial entity,organisational,Not met,No management body exists in a lab; governance templates planned.,,,,T32;F04,
DORA-6,Regulation (EU) 2022/2554,II ICT risk management,6,,ICT risk management framework,financial entity,organisational+technical,Partial,"The platform, its docs and its generated evidence form the technical half of a framework; risk register and strategy missing.",docs/03-control-matrix.md;docs/05-shared-responsibility.md,,G14,T15;T32,
DORA-6-6(1),Regulation (EU) 2022/2554,II ICT risk management,6,6(1),"Sound, comprehensive and well-documented framework",financial entity,organisational+technical,Partial,"Control matrix, shared-responsibility model, exceptions register, runbooks.",docs/03-control-matrix.md;docs/exceptions/;docs/runbooks/,,G14,T15,
DORA-6-6(4),Regulation (EU) 2022/2554,II ICT risk management,6,6(4),Independent ICT risk control function,financial entity,organisational,Not met,Single builder; independence cannot be demonstrated.,,,G5,,
DORA-6-6(5),Regulation (EU) 2022/2554,II ICT risk management,6,6(5),Framework reviewed at least yearly and after major incidents,financial entity,organisational,Not met,No review cycle; ISMS calendar planned.,,,,F03,
DORA-6-6(8),Regulation (EU) 2022/2554,II ICT risk management,6,6(8),Digital operational resilience strategy,financial entity,organisational,Not met,Strategy template planned.,,,,T32,
DORA-7,Regulation (EU) 2022/2554,II ICT risk management,7,,"ICT systems, protocols and tools",financial entity,technical,Partial,"Immutable, API-driven OS (Talos); everything pinned and GitOps-reconciled. No capacity/performance metrics yet.",platform/talos/;apps/;bootstrap/install.sh,,,Phase 17,
DORA-8,Regulation (EU) 2022/2554,II ICT risk management,8,,Identification,financial entity,technical,Partial,Generated inventory of every chart and image; heuristic critical-asset labels; no yearly review.,images/generate-roi.py;infrastructure/trivy-operator/,,,T30;Phase 16,
DORA-8-8(4),Regulation (EU) 2022/2554,II ICT risk management,8,8(4),Identify and map critical assets,financial entity,technical,Partial,"CRITICAL_FUNCTIONS in the RoI generator labels Keycloak, Kyverno, MinIO, Velero as critical.",images/generate-roi.py,,,,
DORA-9,Regulation (EU) 2022/2554,II ICT risk management,9,,Protection and prevention,financial entity,technical,Partial,"Admission control, default-deny networking, internal PKI, SSO with RBAC, signed images, encryption at rest.",infrastructure/kyverno/;infrastructure/cilium/;infrastructure/cert-manager/;infrastructure/keycloak/,docs/evidence/samples/kyverno-admission-20260728202845.txt;docs/evidence/samples/cilium-network-segmentation-20260729015300.txt;docs/evidence/samples/pki-chain-verification-20260729025500.txt;docs/evidence/samples/argocd-rbac-verification-20260729045300.txt,G7;G9,T02a;T14,
DORA-9-9(1),Regulation (EU) 2022/2554,II ICT risk management,9,9(1),Continuously monitor and control security and functioning,financial entity,technical,Partial,Loki/Grafana/Hubble observe; Kyverno enforces Pod Security Standards restricted.,apps/core/grafana.yaml;apps/core/loki.yaml;infrastructure/kyverno/policies/,docs/evidence/samples/detection-latency-20260729135024.txt,,,
DORA-9-9(2),Regulation (EU) 2022/2554,II ICT risk management,9,9(2),"Integrity and confidentiality of data at rest, in use and in transit",financial entity,technical,Partial,cert-manager TLS; Talos Secrets encryption at rest by default; hash chains for integrity. Negotiated TLS not yet evidenced.,infrastructure/cert-manager/;platform/talos/README.md;canary/writer.py,docs/evidence/samples/pki-chain-verification-20260729025500.txt,G22,F08,
DORA-9-9(4)(b),Regulation (EU) 2022/2554,II ICT risk management,9,9(4)(b),Automated isolation; networks can be severed or segmented,financial entity,technical,Partial,"Cilium default-deny in every platform namespace; network-partition drill proves deny and recovery. Isolation is policy-driven, not attack-triggered.",infrastructure/cilium/;drills/scenarios/network-partition.yaml,docs/evidence/samples/cilium-network-segmentation-20260729015300.txt;docs/evidence/samples/scenario-breadth-20260730021814.txt,,,
DORA-9-9(4)(c),Regulation (EU) 2022/2554,II ICT risk management,9,9(4)(c),Access limited to legitimate and approved functions,financial entity,technical,Partial,Keycloak groups mapped to Argo CD and Grafana roles; restricted pods.,infrastructure/keycloak/;apps/core/grafana.yaml,docs/evidence/samples/argocd-rbac-verification-20260729045300.txt,,,
DORA-9-9(4)(d),Regulation (EU) 2022/2554,II ICT risk management,9,9(4)(d),Strong authentication and cryptographic key protection,financial entity,technical,Partial,OIDC SSO. No MFA yet. Key handling moves to per-stand-up generated PKI (T02).,infrastructure/keycloak/;infrastructure/cert-manager/,docs/evidence/samples/keycloak-ldap-oidc-verification-20260729043900.txt;docs/evidence/samples/pki-chain-verification-20260729025500.txt,G7;G16,T14;T02a;T02b;T02c,
DORA-9-9(4)(e),Regulation (EU) 2022/2554,II ICT risk management,9,9(4)(e),"Change management: recorded, tested, assessed, approved, implemented, verified",financial entity,technical+organisational,Partial,GitOps via Argo CD; CI tests (PR #2). No required-review branch protection.,apps/;bootstrap/root-app.yaml;docs/06-operations.md,,G9,D8,
DORA-9-9(4)(f),Regulation (EU) 2022/2554,II ICT risk management,9,9(4)(f),Documented patch and update policies,financial entity,technical+organisational,Partial,Pinned versions; weekly image rebuild; Trivy ages findings. No written patch policy.,.github/workflows/build-images.yaml;infrastructure/trivy-operator/,,G18,T07;F04,
DORA-10,Regulation (EU) 2022/2554,II ICT risk management,10,,Detection,financial entity,technical,Partial,"Two real alert rules over two layers (API audit log, Tetragon eBPF); measured detection latency. No paging.",apps/core/grafana.yaml;apps/full/tetragon.yaml,docs/evidence/samples/detection-latency-20260729135024.txt;docs/evidence/samples/credential-compromise-20260730044858.txt,G8,T13,
DORA-10-10(1),Regulation (EU) 2022/2554,II ICT risk management,10,10(1),Promptly detect anomalous activities; mechanisms regularly tested,financial entity,technical,Partial,Detection exercised by drills; t_detect read from Grafana's alert API. Single runs so far.,apps/core/grafana.yaml;drills/templates/,docs/evidence/samples/detection-latency-20260729135024.txt;docs/evidence/samples/credential-compromise-20260730044858.txt,G4,T11;T19,
DORA-10-10(2),Regulation (EU) 2022/2554,II ICT risk management,10,10(2),"Multiple layers of control, thresholds, automatic alerts to staff",financial entity,technical,Partial,Two layers and explicit thresholds implemented; automatic alerting of staff not built.,apps/core/grafana.yaml,docs/evidence/samples/detection-latency-20260729135024.txt,G8,T13,
DORA-11,Regulation (EU) 2022/2554,II ICT risk management,11,,Response and recovery,financial entity,technical+organisational,Partial,"Five measured drills with runbooks; no BCP, BIA or audit of plans.",drills/;docs/runbooks/,docs/evidence/samples/ns-restore-20260728152755.json;docs/evidence/samples/scenario-breadth-20260730021814.txt,G4;G14,T11;T15;T32,
DORA-11-11(1),Regulation (EU) 2022/2554,II ICT risk management,11,11(1),ICT business continuity policy,financial entity,organisational,Not met,Template planned.,,,,T32,
DORA-11-11(2),Regulation (EU) 2022/2554,II ICT risk management,11,11(2),"Respond, recover, estimate impact",financial entity,technical,Partial,"ns-restore, node-kill and pvc-corruption-restore drills; classification estimates impact from measured RTO/RPO plus synthetic profile.",drills/scenarios/;drills/lib/classify.py,docs/evidence/samples/ns-restore-20260728152755.json;docs/evidence/samples/incident-response-20260729210627.txt,,,
DORA-11-11(5),Regulation (EU) 2022/2554,II ICT risk management,11,11(5),Business impact analysis,financial entity,organisational,Not met,BIA planned with the risk register.,,,G14,T15,
DORA-11-11(6),Regulation (EU) 2022/2554,II ICT risk management,11,11(6),Test BCP and response/recovery plans at least yearly,financial entity,technical,Partial,Drills are repeatable but not scheduled.,drills/templates/,,G4,T11,
DORA-12,Regulation (EU) 2022/2554,II ICT risk management,12,,"Backup policies, restoration and recovery",financial entity,technical,Partial,"Velero + MinIO, measured RTO and exact RPO, hash-chain integrity check. Same-cluster restore; verdict ignores targets.",infrastructure/velero/;canary/;drills/templates/ns-restore-workflowtemplate.yaml,docs/evidence/samples/ns-restore-20260728152755.json,G1;G3;G10,T09;Phase 19,
DORA-12-12(1)(a),Regulation (EU) 2022/2554,II ICT risk management,12,12(1)(a),Backup scope and minimum frequency by criticality,financial entity,technical,Partial,Hourly Velero Schedule; 3-hour retention is a lab constraint.,infrastructure/velero/,docs/evidence/samples/ns-restore-20260728152755.json,G10,,
DORA-12-12(2),Regulation (EU) 2022/2554,II ICT risk management,12,12(2),Test backup and restore periodically,financial entity,technical,Partial,ns-restore and pvc-corruption-restore drills; not scheduled.,drills/scenarios/,docs/evidence/samples/scenario-breadth-20260730021814.txt,G4,T11,
DORA-12-12(3),Regulation (EU) 2022/2554,II ICT risk management,12,12(3),Restore onto physically and logically segregated systems,financial entity,technical,Not met,Restores go to a fresh namespace on the same cluster.,,,G1,Phase 19,
DORA-12-12(4),Regulation (EU) 2022/2554,II ICT risk management,12,12(4),Redundant ICT capacities,financial entity,technical,Not met,One control-plane node.,,,G2,Phase 19,
DORA-12-12(6),Regulation (EU) 2022/2554,II ICT risk management,12,12(6),RTO and RPO set per function,financial entity,technical,Partial,Targets recorded in each drill record; verdict does not yet compare against them.,drills/schema/drill-record.schema.json,docs/evidence/samples/ns-restore-20260728152755.json,G3,T09,
DORA-13,Regulation (EU) 2022/2554,II ICT risk management,13,,Learning and evolving,financial entity,technical+organisational,Partial,Threat/vulnerability intake via Trivy + CISA KEV; post-incident review section on every ticket (boilerplate).,infrastructure/trivy-operator/;drills/lib/open-incident.py,docs/evidence/samples/incident-response-20260729210627.txt,G24,T32,
DORA-14,Regulation (EU) 2022/2554,II ICT risk management,14,,Communication,financial entity,organisational,Not met,No crisis communication plan.,,,,T32,
DORA-15,Regulation (EU) 2022/2554,II ICT risk management,15,,"Further harmonisation of ICT risk management tools, methods, processes and policies",competent authorities / ESAs,supervisory,Context,Mandate for the RTS on the ICT risk management framework (see the Delegated Regulation (EU) 2024/1774 row).,,,,,
DORA-16,Regulation (EU) 2022/2554,II ICT risk management,16,,Simplified ICT risk management framework,financial entity,legal,Not applicable,"The notional tenant is modelled as a fully authorised payment institution, not eligible for the simplified framework.",docs/00-scope.md,,,,
DORA-17,Regulation (EU) 2022/2554,"III ICT-related incident management, classification and reporting",17,,ICT-related incident management process,financial entity,technical+organisational,Partial,"Every drill opens a GLPI incident with classification, deadlines and links to evidence.",drills/lib/open-incident.py;infrastructure/glpi/,docs/evidence/samples/incident-response-20260729210627.txt,,T32,
DORA-17-17(2),Regulation (EU) 2022/2554,"III ICT-related incident management, classification and reporting",17,17(2),Record all ICT-related incidents and significant cyber threats,financial entity,technical,Implemented,GLPI ticket per drill (drills only; no standing intake for non-drill incidents).,drills/lib/open-incident.py,docs/evidence/samples/incident-response-20260729210627.txt,,,
DORA-17-17(3)(c),Regulation (EU) 2022/2554,"III ICT-related incident management, classification and reporting",17,17(3)(c),Roles and responsibilities,financial entity,organisational,Not met,Three-operator model assumed in docs; one real person.,docs/06-nist-800-53-crosswalk.md,,G5,T32,
DORA-17-17(3)(e),Regulation (EU) 2022/2554,"III ICT-related incident management, classification and reporting",17,17(3)(e),Report major incidents to senior management,financial entity,organisational,Not met,No management reporting path.,,,,T29;T32,
DORA-18,Regulation (EU) 2022/2554,"III ICT-related incident management, classification and reporting",18,,Classification of ICT-related incidents and cyber threats,financial entity,technical,Partial,"classify.py implements a simplified version of the criteria; two inputs measured, the rest labelled synthetic.",drills/lib/classify.py;drills/lib/classification-profiles.json,docs/evidence/samples/incident-response-20260729210627.txt,G11,,
DORA-18-18(2),Regulation (EU) 2022/2554,"III ICT-related incident management, classification and reporting",18,18(2),Classification of significant cyber threats,financial entity,technical,Not met,Not implemented.,,,G11,,
DORA-19,Regulation (EU) 2022/2554,"III ICT-related incident management, classification and reporting",19,,Reporting of major incidents; voluntary notification of significant cyber threats,financial entity,technical+organisational,Partial,"Initial notification deadline computed, NIS2 clock shown beside it. Nothing is submitted to any authority.",drills/lib/clocks.py,docs/evidence/samples/incident-response-20260729210627.txt,G12,T10;T29,
DORA-19-19(1)-initial,Regulation (EU) 2022/2554,"III ICT-related incident management, classification and reporting",19,19(1)-initial,Initial notification deadline,financial entity,technical,Implemented,"t_notify_due_dora per Delegated Regulation (EU) 2025/301, including the delayed-classification case (fixed in PR #2).",drills/lib/clocks.py,docs/evidence/samples/incident-response-20260729210627.txt,G23,,
DORA-19-19(4),Regulation (EU) 2022/2554,"III ICT-related incident management, classification and reporting",19,19(4),Intermediate and final reports,financial entity,technical,Not met,Deadlines not yet computed.,,,G12,T10,
DORA-19-19(3),Regulation (EU) 2022/2554,"III ICT-related incident management, classification and reporting",19,19(3),Inform clients of major incidents affecting their financial interests,financial entity,organisational,Not met,No client-notice path.,,,,T29,
DORA-20,Regulation (EU) 2022/2554,"III ICT-related incident management, classification and reporting",20,,Harmonisation of reporting content and templates,competent authorities / ESAs,supervisory,Not met,Report drafts in the official template structure are not generated.,,,,T29,
DORA-21,Regulation (EU) 2022/2554,"III ICT-related incident management, classification and reporting",21,,Centralisation of reporting of major ICT-related incidents,competent authorities / ESAs,supervisory,Out of scope,EU-level hub design is for the ESAs.,,,,,
DORA-22,Regulation (EU) 2022/2554,"III ICT-related incident management, classification and reporting",22,,Supervisory feedback,competent authorities / ESAs,supervisory,Out of scope,Regulator-side.,,,,,
DORA-23,Regulation (EU) 2022/2554,"III ICT-related incident management, classification and reporting",23,,Operational or security payment-related incidents,financial entity,technical,Partial,Applies to the notional payment institution; handled by the same classification and clock pipeline. No payment-specific fields.,drills/lib/,,,T29,
DORA-24,Regulation (EU) 2022/2554,IV Digital operational resilience testing,24,,General requirements for digital operational resilience testing,financial entity,technical+organisational,Partial,"Five scenarios wired to workflow, runbook, profile and schema. Not scheduled; tester is not independent.",drills/scenarios/;drills/templates/,docs/evidence/samples/scenario-breadth-20260730021814.txt,G4;G5,T11,
DORA-24-24(4),Regulation (EU) 2022/2554,IV Digital operational resilience testing,24,24(4),Independent testers,financial entity,organisational,Not met,"One person designs, builds and runs the tests.",,,G5,,
DORA-24-24(6),Regulation (EU) 2022/2554,IV Digital operational resilience testing,24,24(6),Test all critical systems at least yearly,financial entity,technical,Partial,Not scheduled yet.,,,G4,T11,
DORA-25,Regulation (EU) 2022/2554,IV Digital operational resilience testing,25,,Testing of ICT tools and systems,financial entity,technical,Partial,"Vulnerability scans, network security test, scenario and end-to-end tests. No performance, penetration or source-code review testing.",infrastructure/trivy-operator/;drills/,docs/evidence/samples/scenario-breadth-20260730021814.txt,G22,F08,
DORA-26,Regulation (EU) 2022/2554,IV Digital operational resilience testing,26,,Advanced testing based on TLPT,financial entity,organisational,Not met,Deliberately not claimed; needs independent testers on live production systems.,docs/04-limitations.md,,G6,,
DORA-27,Regulation (EU) 2022/2554,IV Digital operational resilience testing,27,,Requirements for testers carrying out TLPT,financial entity,organisational,Not applicable,The lab does not engage TLPT testers.,,,,,
DORA-28,Regulation (EU) 2022/2554,V Managing of ICT third-party risk,28,,General principles (ICT third-party risk),financial entity,technical+organisational,Partial,Generated Register of Information from the real inventory; signed images with SBOM for the repo's own image. Contract fields synthetic.,images/generate-roi.py;.github/workflows/build-images.yaml;infrastructure/kyverno/policies/verify-image-signatures.yaml,,G13,T30;T31,
DORA-28-28(2),Regulation (EU) 2022/2554,V Managing of ICT third-party risk,28,28(2),Strategy on ICT third-party risk,financial entity,organisational,Not met,Template planned.,,,,T31;T32,
DORA-28-28(3),Regulation (EU) 2022/2554,V Managing of ICT third-party risk,28,28(3),Register of information,financial entity,technical,Partial,Markdown register generated from charts and images; not in the official ITS template format.,images/generate-roi.py,,G13,T30,
DORA-28-28(8),Regulation (EU) 2022/2554,V Managing of ICT third-party risk,28,28(8),Exit strategies,financial entity,organisational,Not met,Synthetic fields only.,,,G13,T31,
DORA-29,Regulation (EU) 2022/2554,V Managing of ICT third-party risk,29,,Preliminary assessment of ICT concentration risk at entity level,financial entity,technical+organisational,Not met,A generated concentration analysis over the register is planned.,,,,T30,
DORA-30,Regulation (EU) 2022/2554,V Managing of ICT third-party risk,30,,Key contractual provisions,financial entity,organisational,Not met,No vendor contracts (all self-run open source); checklist template planned.,,,G13,T31,
DORA-31,Regulation (EU) 2022/2554,V Managing of ICT third-party risk,31,,Designation of critical ICT third-party service providers,CTPPs / Lead Overseer,supervisory,Not applicable,Oversight of critical ICT third-party providers is between the ESAs and the providers. Teaching note: a firm still owes Art. 28 due diligence on any CTPP it uses.,,,,F02,
DORA-32,Regulation (EU) 2022/2554,V Managing of ICT third-party risk,32,,Structure of the Oversight Framework,CTPPs / Lead Overseer,supervisory,Not applicable,Oversight of critical ICT third-party providers is between the ESAs and the providers. Teaching note: a firm still owes Art. 28 due diligence on any CTPP it uses.,,,,F02,
DORA-33,Regulation (EU) 2022/2554,V Managing of ICT third-party risk,33,,Tasks of the Lead Overseer,CTPPs / Lead Overseer,supervisory,Not applicable,Oversight of critical ICT third-party providers is between the ESAs and the providers. Teaching note: a firm still owes Art. 28 due diligence on any CTPP it uses.,,,,F02,
DORA-34,Regulation (EU) 2022/2554,V Managing of ICT third-party risk,34,,Operational coordination between Lead Overseers,CTPPs / Lead Overseer,supervisory,Not applicable,Oversight of critical ICT third-party providers is between the ESAs and the providers. Teaching note: a firm still owes Art. 28 due diligence on any CTPP it uses.,,,,F02,
DORA-35,Regulation (EU) 2022/2554,V Managing of ICT third-party risk,35,,Powers of the Lead Overseer,CTPPs / Lead Overseer,supervisory,Not applicable,Oversight of critical ICT third-party providers is between the ESAs and the providers. Teaching note: a firm still owes Art. 28 due diligence on any CTPP it uses.,,,,F02,
DORA-36,Regulation (EU) 2022/2554,V Managing of ICT third-party risk,36,,Exercise of the powers of the Lead Overseer outside the Union,CTPPs / Lead Overseer,supervisory,Not applicable,Oversight of critical ICT third-party providers is between the ESAs and the providers. Teaching note: a firm still owes Art. 28 due diligence on any CTPP it uses.,,,,F02,
DORA-37,Regulation (EU) 2022/2554,V Managing of ICT third-party risk,37,,Request for information,CTPPs / Lead Overseer,supervisory,Not applicable,Oversight of critical ICT third-party providers is between the ESAs and the providers. Teaching note: a firm still owes Art. 28 due diligence on any CTPP it uses.,,,,F02,
DORA-38,Regulation (EU) 2022/2554,V Managing of ICT third-party risk,38,,General investigations,CTPPs / Lead Overseer,supervisory,Not applicable,Oversight of critical ICT third-party providers is between the ESAs and the providers. Teaching note: a firm still owes Art. 28 due diligence on any CTPP it uses.,,,,F02,
DORA-39,Regulation (EU) 2022/2554,V Managing of ICT third-party risk,39,,Inspections,CTPPs / Lead Overseer,supervisory,Not applicable,Oversight of critical ICT third-party providers is between the ESAs and the providers. Teaching note: a firm still owes Art. 28 due diligence on any CTPP it uses.,,,,F02,
DORA-40,Regulation (EU) 2022/2554,V Managing of ICT third-party risk,40,,Ongoing oversight,CTPPs / Lead Overseer,supervisory,Not applicable,Oversight of critical ICT third-party providers is between the ESAs and the providers. Teaching note: a firm still owes Art. 28 due diligence on any CTPP it uses.,,,,F02,
DORA-41,Regulation (EU) 2022/2554,V Managing of ICT third-party risk,41,,Harmonisation of conditions enabling the conduct of the oversight activities,CTPPs / Lead Overseer,supervisory,Not applicable,Oversight of critical ICT third-party providers is between the ESAs and the providers. Teaching note: a firm still owes Art. 28 due diligence on any CTPP it uses.,,,,F02,
DORA-42,Regulation (EU) 2022/2554,V Managing of ICT third-party risk,42,,Follow-up by competent authorities,CTPPs / Lead Overseer,supervisory,Not applicable,Oversight of critical ICT third-party providers is between the ESAs and the providers. Teaching note: a firm still owes Art. 28 due diligence on any CTPP it uses.,,,,F02,
DORA-43,Regulation (EU) 2022/2554,V Managing of ICT third-party risk,43,,Oversight fees,CTPPs / Lead Overseer,supervisory,Not applicable,Oversight of critical ICT third-party providers is between the ESAs and the providers. Teaching note: a firm still owes Art. 28 due diligence on any CTPP it uses.,,,,F02,
DORA-44,Regulation (EU) 2022/2554,V Managing of ICT third-party risk,44,,International cooperation,CTPPs / Lead Overseer,supervisory,Not applicable,Oversight of critical ICT third-party providers is between the ESAs and the providers. Teaching note: a firm still owes Art. 28 due diligence on any CTPP it uses.,,,,F02,
DORA-45,Regulation (EU) 2022/2554,VI Information-sharing arrangements,45,,Information-sharing arrangements on cyber threat information and intelligence,financial entity,technical+organisational,Not met,No sharing arrangement. A STIX 2.1 export of the lab's detections is planned as a teaching example.,,,,T33,
DORA-46,Regulation (EU) 2022/2554,VII Competent authorities,46,,Competent authorities,competent authorities / ESAs,supervisory,Not applicable,Addressed to authorities. In Ireland the competent authority for financial entities is the Central Bank of Ireland (verify current designation).,,,,,
DORA-47,Regulation (EU) 2022/2554,VII Competent authorities,47,,Cooperation with structures and authorities established by Directive (EU) 2022/2555,competent authorities / ESAs,supervisory,Not applicable,Addressed to authorities. In Ireland the competent authority for financial entities is the Central Bank of Ireland (verify current designation).,,,,,
DORA-48,Regulation (EU) 2022/2554,VII Competent authorities,48,,Cooperation between authorities,competent authorities / ESAs,supervisory,Not applicable,Addressed to authorities. In Ireland the competent authority for financial entities is the Central Bank of Ireland (verify current designation).,,,,,
DORA-49,Regulation (EU) 2022/2554,VII Competent authorities,49,,"Financial cross-sector exercises, communication and cooperation",competent authorities / ESAs,supervisory,Not applicable,Addressed to authorities. In Ireland the competent authority for financial entities is the Central Bank of Ireland (verify current designation).,,,,,
DORA-50,Regulation (EU) 2022/2554,VII Competent authorities,50,,Administrative penalties and remedial measures,competent authorities / ESAs,supervisory,Not applicable,Addressed to authorities. In Ireland the competent authority for financial entities is the Central Bank of Ireland (verify current designation).,,,,,
DORA-51,Regulation (EU) 2022/2554,VII Competent authorities,51,,Exercise of the power to impose administrative penalties and remedial measures,competent authorities / ESAs,supervisory,Not applicable,Addressed to authorities. In Ireland the competent authority for financial entities is the Central Bank of Ireland (verify current designation).,,,,,
DORA-52,Regulation (EU) 2022/2554,VII Competent authorities,52,,Criminal penalties,competent authorities / ESAs,supervisory,Not applicable,Addressed to authorities. In Ireland the competent authority for financial entities is the Central Bank of Ireland (verify current designation).,,,,,
DORA-53,Regulation (EU) 2022/2554,VII Competent authorities,53,,Notification duties,competent authorities / ESAs,supervisory,Not applicable,Addressed to authorities. In Ireland the competent authority for financial entities is the Central Bank of Ireland (verify current designation).,,,,,
DORA-54,Regulation (EU) 2022/2554,VII Competent authorities,54,,Publication of administrative penalties,competent authorities / ESAs,supervisory,Not applicable,Addressed to authorities. In Ireland the competent authority for financial entities is the Central Bank of Ireland (verify current designation).,,,,,
DORA-55,Regulation (EU) 2022/2554,VII Competent authorities,55,,Professional secrecy,competent authorities / ESAs,supervisory,Not applicable,Addressed to authorities. In Ireland the competent authority for financial entities is the Central Bank of Ireland (verify current designation).,,,,,
DORA-56,Regulation (EU) 2022/2554,VII Competent authorities,56,,Data protection,competent authorities / ESAs,supervisory,Not applicable,Addressed to authorities. In Ireland the competent authority for financial entities is the Central Bank of Ireland (verify current designation).,,,,,
DORA-57,Regulation (EU) 2022/2554,VIII Delegated acts,57,,Exercise of the delegation,European Commission,legal,Not applicable,Procedural.,,,,,
DORA-58,Regulation (EU) 2022/2554,IX Transitional and final provisions,58,,Review clause,European Commission,legal,Not applicable,Procedural.,,,,,
DORA-59,Regulation (EU) 2022/2554,IX Transitional and final provisions,59,,Amendments to Regulation (EC) No 1060/2009,legislator,legal,Not applicable,Amends other sectoral regulations.,,,,,
DORA-60,Regulation (EU) 2022/2554,IX Transitional and final provisions,60,,Amendments to Regulation (EU) No 648/2012,legislator,legal,Not applicable,Amends other sectoral regulations.,,,,,
DORA-61,Regulation (EU) 2022/2554,IX Transitional and final provisions,61,,Amendments to Regulation (EU) No 909/2014,legislator,legal,Not applicable,Amends other sectoral regulations.,,,,,
DORA-62,Regulation (EU) 2022/2554,IX Transitional and final provisions,62,,Amendments to Regulation (EU) No 600/2014,legislator,legal,Not applicable,Amends other sectoral regulations.,,,,,
DORA-63,Regulation (EU) 2022/2554,IX Transitional and final provisions,63,,Amendment to Regulation (EU) 2016/1011,legislator,legal,Not applicable,Amends other sectoral regulations.,,,,,
DORA-64,Regulation (EU) 2022/2554,IX Transitional and final provisions,64,,Entry into force and application,all,legal,Context,Applies from 17 January 2025.,,,,,
L2-RTS-RMF,Commission Delegated Regulation (EU) 2024/1774,Level 2,15;16,,RTS on the ICT risk management framework and simplified framework,financial entity,technical+organisational,Partial,Many Chapter II technical requirements are reflected in the platform; not mapped clause by clause.,,,,T27,"verify number, title and status on EUR-Lex before relying on this row"
L2-RTS-CLASS,Commission Delegated Regulation (EU) 2024/1772,Level 2,18,,RTS on classification criteria and materiality thresholds,financial entity,technical+organisational,Partial,classify.py approximates the criteria; thresholds illustrative.,drills/lib/classify.py,docs/evidence/samples/incident-response-20260729210627.txt,G11,T27,"verify number, title and status on EUR-Lex before relying on this row"
L2-RTS-TPPOL,Commission Delegated Regulation (EU) 2024/1773,Level 2,28(10),,RTS on the policy for ICT services supporting critical or important functions,financial entity,technical+organisational,Not met,No contractual policy; template planned.,,,G13,T31,"verify number, title and status on EUR-Lex before relying on this row"
L2-ITS-ROI,Commission Implementing Regulation (EU) 2024/2956,Level 2,28(9),,ITS on standard templates for the register of information,financial entity,technical+organisational,Not met,Register exists but not in the ITS template structure.,images/generate-roi.py,,G13,T30,"verify number, title and status on EUR-Lex before relying on this row"
L2-RTS-REPORT,Commission Delegated Regulation (EU) 2025/301,Level 2,20,,RTS on content and time limits of incident reports,financial entity,technical+organisational,Partial,Initial-notification time limit implemented; intermediate/final pending.,drills/lib/clocks.py,docs/evidence/samples/incident-response-20260729210627.txt,G12,T10,"verify number, title and status on EUR-Lex before relying on this row"
L2-ITS-REPORT,Commission Implementing Regulation (EU) 2025/302,Level 2,20,,ITS on standard forms and templates for incident reporting,financial entity,technical+organisational,Not met,Report drafts in template structure planned.,,,,T29,"verify number, title and status on EUR-Lex before relying on this row"
L2-RTS-TLPT,Commission Delegated Regulation on TLPT (number to verify),Level 2,26(11),,RTS specifying TLPT criteria and methodology,financial entity,technical+organisational,Not met,TLPT out of reach for a lab.,,,G6,,"verify number, title and status on EUR-Lex before relying on this row"
L2-RTS-SUBCON,RTS on subcontracting of ICT services (Art. 30(5); status to verify),Level 2,30(5),,Conditions for subcontracting ICT services supporting critical or important functions,financial entity,technical+organisational,Not met,No subcontracting chain; synthetic fields only.,,,G13,T31,"verify number, title and status on EUR-Lex before relying on this row"
